"tenant_id","first_name","last_name","tenant_occupation","email","phone","id_type","id_number"
1,"Tenant_001","Sample_001","Worker","tenant001@example.com","7058000001","ID Card","ID000001"
2,"Tenant_002","Sample_002","Staff","tenant002@example.com","7058000002","Passport","ID000002"
3,"Tenant_003","Sample_003","Freelancer","tenant003@example.com","7058000003","ID Card","ID000003"
4,"Tenant_004","Sample_004","Student","tenant004@example.com","7058000004","Passport","ID000004"
5,"Tenant_005","Sample_005","Worker","tenant005@example.com","7058000005","ID Card","ID000005"
6,"Tenant_006","Sample_006","Staff","tenant006@example.com","7058000006","Passport","ID000006"
7,"Tenant_007","Sample_007","Freelancer","tenant007@example.com","7058000007","ID Card","ID000007"
8,"Tenant_008","Sample_008","Student","tenant008@example.com","7058000008","Passport","ID000008"
9,"Tenant_009","Sample_009","Worker","tenant009@example.com","7058000009","ID Card","ID000009"
10,"Tenant_010","Sample_010","Staff","tenant010@example.com","7058000010","Passport","ID000010"
11,"Tenant_011","Sample_011","Freelancer","tenant011@example.com","7058000011","ID Card","ID000011"
12,"Tenant_012","Sample_012","Student","tenant012@example.com","7058000012","Passport","ID000012"
13,"Tenant_013","Sample_013","Worker","tenant013@example.com","7058000013","ID Card","ID000013"
14,"Tenant_014","Sample_014","Staff","tenant014@example.com","7058000014","Passport","ID000014"
15,"Tenant_015","Sample_015","Freelancer","tenant015@example.com","7058000015","ID Card","ID000015"
16,"Tenant_016","Sample_016","Student","tenant016@example.com","7058000016","Passport","ID000016"
17,"Tenant_017","Sample_017","Worker","tenant017@example.com","7058000017","ID Card","ID000017"
18,"Tenant_018","Sample_018","Staff","tenant018@example.com","7058000018","Passport","ID000018"
19,"Tenant_019","Sample_019","Freelancer","tenant019@example.com","7058000019","ID Card","ID000019"
20,"Tenant_020","Sample_020","Student","tenant020@example.com","7058000020","Passport","ID000020"
21,"Tenant_021","Sample_021","Worker","tenant021@example.com","7058000021","ID Card","ID000021"
22,"Tenant_022","Sample_022","Staff","tenant022@example.com","7058000022","Passport","ID000022"
23,"Tenant_023","Sample_023","Freelancer","tenant023@example.com","7058000023","ID Card","ID000023"
24,"Tenant_024","Sample_024","Student","tenant024@example.com","7058000024","Passport","ID000024"
25,"Tenant_025","Sample_025","Worker","tenant025@example.com","7058000025","ID Card","ID000025"
26,"Tenant_026","Sample_026","Staff","tenant026@example.com","7058000026","Passport","ID000026"
27,"Tenant_027","Sample_027","Freelancer","tenant027@example.com","7058000027","ID Card","ID000027"
28,"Tenant_028","Sample_028","Student","tenant028@example.com","7058000028","Passport","ID000028"
29,"Tenant_029","Sample_029","Worker","tenant029@example.com","7058000029","ID Card","ID000029"
30,"Tenant_030","Sample_030","Staff","tenant030@example.com","7058000030","Passport","ID000030"
31,"Tenant_031","Sample_031","Freelancer","tenant031@example.com","7058000031","ID Card","ID000031"
32,"Tenant_032","Sample_032","Student","tenant032@example.com","7058000032","Passport","ID000032"
33,"Tenant_033","Sample_033","Worker","tenant033@example.com","7058000033","ID Card","ID000033"
34,"Tenant_034","Sample_034","Staff","tenant034@example.com","7058000034","Passport","ID000034"
35,"Tenant_035","Sample_035","Freelancer","tenant035@example.com","7058000035","ID Card","ID000035"
36,"Tenant_036","Sample_036","Student","tenant036@example.com","7058000036","Passport","ID000036"
37,"Tenant_037","Sample_037","Worker","tenant037@example.com","7058000037","ID Card","ID000037"
38,"Tenant_038","Sample_038","Staff","tenant038@example.com","7058000038","Passport","ID000038"
39,"Tenant_039","Sample_039","Freelancer","tenant039@example.com","7058000039","ID Card","ID000039"
40,"Tenant_040","Sample_040","Student","tenant040@example.com","7058000040","Passport","ID000040"
41,"Tenant_041","Sample_041","Worker","tenant041@example.com","7058000041","ID Card","ID000041"
42,"Tenant_042","Sample_042","Staff","tenant042@example.com","7058000042","Passport","ID000042"
43,"Tenant_043","Sample_043","Freelancer","tenant043@example.com","7058000043","ID Card","ID000043"
44,"Tenant_044","Sample_044","Student","tenant044@example.com","7058000044","Passport","ID000044"
45,"Tenant_045","Sample_045","Worker","tenant045@example.com","7058000045","ID Card","ID000045"
46,"Tenant_046","Sample_046","Staff","tenant046@example.com","7058000046","Passport","ID000046"
47,"Tenant_047","Sample_047","Freelancer","tenant047@example.com","7058000047","ID Card","ID000047"
48,"Tenant_048","Sample_048","Student","tenant048@example.com","7058000048","Passport","ID000048"
49,"Tenant_049","Sample_049","Worker","tenant049@example.com","7058000049","ID Card","ID000049"
50,"Tenant_050","Sample_050","Staff","tenant050@example.com","7058000050","Passport","ID000050"
51,"Tenant_051","Sample_051","Freelancer","tenant051@example.com","7058000051","ID Card","ID000051"
52,"Tenant_052","Sample_052","Student","tenant052@example.com","7058000052","Passport","ID000052"
53,"Tenant_053","Sample_053","Worker","tenant053@example.com","7058000053","ID Card","ID000053"
54,"Tenant_054","Sample_054","Staff","tenant054@example.com","7058000054","Passport","ID000054"
55,"Tenant_055","Sample_055","Freelancer","tenant055@example.com","7058000055","ID Card","ID000055"
56,"Tenant_056","Sample_056","Student","tenant056@example.com","7058000056","Passport","ID000056"
57,"Tenant_057","Sample_057","Worker","tenant057@example.com","7058000057","ID Card","ID000057"
58,"Tenant_058","Sample_058","Staff","tenant058@example.com","7058000058","Passport","ID000058"
59,"Tenant_059","Sample_059","Freelancer","tenant059@example.com","7058000059","ID Card","ID000059"
60,"Tenant_060","Sample_060","Student","tenant060@example.com","7058000060","Passport","ID000060"
61,"Tenant_061","Sample_061","Worker","tenant061@example.com","7058000061","ID Card","ID000061"
62,"Tenant_062","Sample_062","Staff","tenant062@example.com","7058000062","Passport","ID000062"
63,"Tenant_063","Sample_063","Freelancer","tenant063@example.com","7058000063","ID Card","ID000063"
64,"Tenant_064","Sample_064","Student","tenant064@example.com","7058000064","Passport","ID000064"
65,"Tenant_065","Sample_065","Worker","tenant065@example.com","7058000065","ID Card","ID000065"
66,"Tenant_066","Sample_066","Staff","tenant066@example.com","7058000066","Passport","ID000066"
67,"Tenant_067","Sample_067","Freelancer","tenant067@example.com","7058000067","ID Card","ID000067"
68,"Tenant_068","Sample_068","Student","tenant068@example.com","7058000068","Passport","ID000068"
69,"Tenant_069","Sample_069","Worker","tenant069@example.com","7058000069","ID Card","ID000069"
70,"Tenant_070","Sample_070","Staff","tenant070@example.com","7058000070","Passport","ID000070"
71,"Tenant_071","Sample_071","Freelancer","tenant071@example.com","7058000071","ID Card","ID000071"
72,"Tenant_072","Sample_072","Student","tenant072@example.com","7058000072","Passport","ID000072"
73,"Tenant_073","Sample_073","Worker","tenant073@example.com","7058000073","ID Card","ID000073"
74,"Tenant_074","Sample_074","Staff","tenant074@example.com","7058000074","Passport","ID000074"
75,"Tenant_075","Sample_075","Freelancer","tenant075@example.com","7058000075","ID Card","ID000075"
76,"Tenant_076","Sample_076","Student","tenant076@example.com","7058000076","Passport","ID000076"
77,"Tenant_077","Sample_077","Worker","tenant077@example.com","7058000077","ID Card","ID000077"
78,"Tenant_078","Sample_078","Staff","tenant078@example.com","7058000078","Passport","ID000078"
79,"Tenant_079","Sample_079","Freelancer","tenant079@example.com","7058000079","ID Card","ID000079"
80,"Tenant_080","Sample_080","Student","tenant080@example.com","7058000080","Passport","ID000080"
81,"Tenant_081","Sample_081","Worker","tenant081@example.com","7058000081","ID Card","ID000081"
82,"Tenant_082","Sample_082","Staff","tenant082@example.com","7058000082","Passport","ID000082"
83,"Tenant_083","Sample_083","Freelancer","tenant083@example.com","7058000083","ID Card","ID000083"
84,"Tenant_084","Sample_084","Student","tenant084@example.com","7058000084","Passport","ID000084"
85,"Tenant_085","Sample_085","Worker","tenant085@example.com","7058000085","ID Card","ID000085"
86,"Tenant_086","Sample_086","Staff","tenant086@example.com","7058000086","Passport","ID000086"
87,"Tenant_087","Sample_087","Freelancer","tenant087@example.com","7058000087","ID Card","ID000087"
88,"Tenant_088","Sample_088","Student","tenant088@example.com","7058000088","Passport","ID000088"
89,"Tenant_089","Sample_089","Worker","tenant089@example.com","7058000089","ID Card","ID000089"
90,"Tenant_090","Sample_090","Staff","tenant090@example.com","7058000090","Passport","ID000090"
91,"Tenant_091","Sample_091","Freelancer","tenant091@example.com","7058000091","ID Card","ID000091"
92,"Tenant_092","Sample_092","Student","tenant092@example.com","7058000092","Passport","ID000092"
93,"Tenant_093","Sample_093","Worker","tenant093@example.com","7058000093","ID Card","ID000093"
94,"Tenant_094","Sample_094","Staff","tenant094@example.com","7058000094","Passport","ID000094"
95,"Tenant_095","Sample_095","Freelancer","tenant095@example.com","7058000095","ID Card","ID000095"
96,"Tenant_096","Sample_096","Student","tenant096@example.com","7058000096","Passport","ID000096"
97,"Tenant_097","Sample_097","Worker","tenant097@example.com","7058000097","ID Card","ID000097"
98,"Tenant_098","Sample_098","Staff","tenant098@example.com","7058000098","Passport","ID000098"
99,"Tenant_099","Sample_099","Freelancer","tenant099@example.com","7058000099","ID Card","ID000099"
100,"Tenant_100","Sample_100","Student","tenant100@example.com","7058000100","Passport","ID000100"
101,"Tenant_101","Sample_101","Worker","tenant101@example.com","7058000101","ID Card","ID000101"
102,"Tenant_102","Sample_102","Staff","tenant102@example.com","7058000102","Passport","ID000102"
103,"Tenant_103","Sample_103","Freelancer","tenant103@example.com","7058000103","ID Card","ID000103"
104,"Tenant_104","Sample_104","Student","tenant104@example.com","7058000104","Passport","ID000104"
105,"Tenant_105","Sample_105","Worker","tenant105@example.com","7058000105","ID Card","ID000105"
106,"Tenant_106","Sample_106","Staff","tenant106@example.com","7058000106","Passport","ID000106"
107,"Tenant_107","Sample_107","Freelancer","tenant107@example.com","7058000107","ID Card","ID000107"
108,"Tenant_108","Sample_108","Student","tenant108@example.com","7058000108","Passport","ID000108"
109,"Tenant_109","Sample_109","Worker","tenant109@example.com","7058000109","ID Card","ID000109"
110,"Tenant_110","Sample_110","Staff","tenant110@example.com","7058000110","Passport","ID000110"
111,"Tenant_111","Sample_111","Freelancer","tenant111@example.com","7058000111","ID Card","ID000111"
112,"Tenant_112","Sample_112","Student","tenant112@example.com","7058000112","Passport","ID000112"
113,"Tenant_113","Sample_113","Worker","tenant113@example.com","7058000113","ID Card","ID000113"
114,"Tenant_114","Sample_114","Staff","tenant114@example.com","7058000114","Passport","ID000114"
115,"Tenant_115","Sample_115","Freelancer","tenant115@example.com","7058000115","ID Card","ID000115"
116,"Tenant_116","Sample_116","Student","tenant116@example.com","7058000116","Passport","ID000116"
117,"Tenant_117","Sample_117","Worker","tenant117@example.com","7058000117","ID Card","ID000117"
118,"Tenant_118","Sample_118","Staff","tenant118@example.com","7058000118","Passport","ID000118"
119,"Tenant_119","Sample_119","Freelancer","tenant119@example.com","7058000119","ID Card","ID000119"
120,"Tenant_120","Sample_120","Student","tenant120@example.com","7058000120","Passport","ID000120"
121,"Tenant_121","Sample_121","Worker","tenant121@example.com","7058000121","ID Card","ID000121"
122,"Tenant_122","Sample_122","Staff","tenant122@example.com","7058000122","Passport","ID000122"
123,"Tenant_123","Sample_123","Freelancer","tenant123@example.com","7058000123","ID Card","ID000123"
124,"Tenant_124","Sample_124","Student","tenant124@example.com","7058000124","Passport","ID000124"
125,"Tenant_125","Sample_125","Worker","tenant125@example.com","7058000125","ID Card","ID000125"
126,"Tenant_126","Sample_126","Staff","tenant126@example.com","7058000126","Passport","ID000126"
127,"Tenant_127","Sample_127","Freelancer","tenant127@example.com","7058000127","ID Card","ID000127"
128,"Tenant_128","Sample_128","Student","tenant128@example.com","7058000128","Passport","ID000128"
129,"Tenant_129","Sample_129","Worker","tenant129@example.com","7058000129","ID Card","ID000129"
130,"Tenant_130","Sample_130","Staff","tenant130@example.com","7058000130","Passport","ID000130"
131,"Tenant_131","Sample_131","Freelancer","tenant131@example.com","7058000131","ID Card","ID000131"
132,"Tenant_132","Sample_132","Student","tenant132@example.com","7058000132","Passport","ID000132"
133,"Tenant_133","Sample_133","Worker","tenant133@example.com","7058000133","ID Card","ID000133"
134,"Tenant_134","Sample_134","Staff","tenant134@example.com","7058000134","Passport","ID000134"
135,"Tenant_135","Sample_135","Freelancer","tenant135@example.com","7058000135","ID Card","ID000135"
136,"Tenant_136","Sample_136","Student","tenant136@example.com","7058000136","Passport","ID000136"
137,"Tenant_137","Sample_137","Worker","tenant137@example.com","7058000137","ID Card","ID000137"
138,"Tenant_138","Sample_138","Staff","tenant138@example.com","7058000138","Passport","ID000138"
139,"Tenant_139","Sample_139","Freelancer","tenant139@example.com","7058000139","ID Card","ID000139"
140,"Tenant_140","Sample_140","Student","tenant140@example.com","7058000140","Passport","ID000140"
141,"Tenant_141","Sample_141","Worker","tenant141@example.com","7058000141","ID Card","ID000141"
142,"Tenant_142","Sample_142","Staff","tenant142@example.com","7058000142","Passport","ID000142"
143,"Tenant_143","Sample_143","Freelancer","tenant143@example.com","7058000143","ID Card","ID000143"
144,"Tenant_144","Sample_144","Student","tenant144@example.com","7058000144","Passport","ID000144"
145,"Tenant_145","Sample_145","Worker","tenant145@example.com","7058000145","ID Card","ID000145"
146,"Tenant_146","Sample_146","Staff","tenant146@example.com","7058000146","Passport","ID000146"
147,"Tenant_147","Sample_147","Freelancer","tenant147@example.com","7058000147","ID Card","ID000147"
148,"Tenant_148","Sample_148","Student","tenant148@example.com","7058000148","Passport","ID000148"
149,"Tenant_149","Sample_149","Worker","tenant149@example.com","7058000149","ID Card","ID000149"
150,"Tenant_150","Sample_150","Staff","tenant150@example.com","7058000150","Passport","ID000150"
151,"Tenant_151","Sample_151","Freelancer","tenant151@example.com","7058000151","ID Card","ID000151"
152,"Tenant_152","Sample_152","Student","tenant152@example.com","7058000152","Passport","ID000152"
153,"Tenant_153","Sample_153","Worker","tenant153@example.com","7058000153","ID Card","ID000153"
154,"Tenant_154","Sample_154","Staff","tenant154@example.com","7058000154","Passport","ID000154"
155,"Tenant_155","Sample_155","Freelancer","tenant155@example.com","7058000155","ID Card","ID000155"
156,"Tenant_156","Sample_156","Student","tenant156@example.com","7058000156","Passport","ID000156"
157,"Tenant_157","Sample_157","Worker","tenant157@example.com","7058000157","ID Card","ID000157"
158,"Tenant_158","Sample_158","Staff","tenant158@example.com","7058000158","Passport","ID000158"
159,"Tenant_159","Sample_159","Freelancer","tenant159@example.com","7058000159","ID Card","ID000159"
160,"Tenant_160","Sample_160","Student","tenant160@example.com","7058000160","Passport","ID000160"
161,"Tenant_161","Sample_161","Worker","tenant161@example.com","7058000161","ID Card","ID000161"
162,"Tenant_162","Sample_162","Staff","tenant162@example.com","7058000162","Passport","ID000162"
163,"Tenant_163","Sample_163","Freelancer","tenant163@example.com","7058000163","ID Card","ID000163"
164,"Tenant_164","Sample_164","Student","tenant164@example.com","7058000164","Passport","ID000164"
165,"Tenant_165","Sample_165","Worker","tenant165@example.com","7058000165","ID Card","ID000165"
166,"Tenant_166","Sample_166","Staff","tenant166@example.com","7058000166","Passport","ID000166"
167,"Tenant_167","Sample_167","Freelancer","tenant167@example.com","7058000167","ID Card","ID000167"
168,"Tenant_168","Sample_168","Student","tenant168@example.com","7058000168","Passport","ID000168"
169,"Tenant_169","Sample_169","Worker","tenant169@example.com","7058000169","ID Card","ID000169"
170,"Tenant_170","Sample_170","Staff","tenant170@example.com","7058000170","Passport","ID000170"
171,"Tenant_171","Sample_171","Freelancer","tenant171@example.com","7058000171","ID Card","ID000171"
172,"Tenant_172","Sample_172","Student","tenant172@example.com","7058000172","Passport","ID000172"
173,"Tenant_173","Sample_173","Worker","tenant173@example.com","7058000173","ID Card","ID000173"
174,"Tenant_174","Sample_174","Staff","tenant174@example.com","7058000174","Passport","ID000174"
175,"Tenant_175","Sample_175","Freelancer","tenant175@example.com","7058000175","ID Card","ID000175"
176,"Tenant_176","Sample_176","Student","tenant176@example.com","7058000176","Passport","ID000176"
177,"Tenant_177","Sample_177","Worker","tenant177@example.com","7058000177","ID Card","ID000177"
178,"Tenant_178","Sample_178","Staff","tenant178@example.com","7058000178","Passport","ID000178"
179,"Tenant_179","Sample_179","Freelancer","tenant179@example.com","7058000179","ID Card","ID000179"
180,"Tenant_180","Sample_180","Student","tenant180@example.com","7058000180","Passport","ID000180"
181,"Tenant_181","Sample_181","Worker","tenant181@example.com","7058000181","ID Card","ID000181"
182,"Tenant_182","Sample_182","Staff","tenant182@example.com","7058000182","Passport","ID000182"
183,"Tenant_183","Sample_183","Freelancer","tenant183@example.com","7058000183","ID Card","ID000183"
184,"Tenant_184","Sample_184","Student","tenant184@example.com","7058000184","Passport","ID000184"
185,"Tenant_185","Sample_185","Worker","tenant185@example.com","7058000185","ID Card","ID000185"
186,"Tenant_186","Sample_186","Staff","tenant186@example.com","7058000186","Passport","ID000186"
187,"Tenant_187","Sample_187","Freelancer","tenant187@example.com","7058000187","ID Card","ID000187"
188,"Tenant_188","Sample_188","Student","tenant188@example.com","7058000188","Passport","ID000188"
189,"Tenant_189","Sample_189","Worker","tenant189@example.com","7058000189","ID Card","ID000189"
190,"Tenant_190","Sample_190","Staff","tenant190@example.com","7058000190","Passport","ID000190"
191,"Tenant_191","Sample_191","Freelancer","tenant191@example.com","7058000191","ID Card","ID000191"
192,"Tenant_192","Sample_192","Student","tenant192@example.com","7058000192","Passport","ID000192"
193,"Tenant_193","Sample_193","Worker","tenant193@example.com","7058000193","ID Card","ID000193"
194,"Tenant_194","Sample_194","Staff","tenant194@example.com","7058000194","Passport","ID000194"
195,"Tenant_195","Sample_195","Freelancer","tenant195@example.com","7058000195","ID Card","ID000195"
196,"Tenant_196","Sample_196","Student","tenant196@example.com","7058000196","Passport","ID000196"
197,"Tenant_197","Sample_197","Worker","tenant197@example.com","7058000197","ID Card","ID000197"
198,"Tenant_198","Sample_198","Staff","tenant198@example.com","7058000198","Passport","ID000198"
199,"Tenant_199","Sample_199","Freelancer","tenant199@example.com","7058000199","ID Card","ID000199"
200,"Tenant_200","Sample_200","Student","tenant200@example.com","7058000200","Passport","ID000200"
201,"Tenant_201","Sample_201","Worker","tenant201@example.com","7058000201","ID Card","ID000201"
202,"Tenant_202","Sample_202","Staff","tenant202@example.com","7058000202","Passport","ID000202"
203,"Tenant_203","Sample_203","Freelancer","tenant203@example.com","7058000203","ID Card","ID000203"
204,"Tenant_204","Sample_204","Student","tenant204@example.com","7058000204","Passport","ID000204"
205,"Tenant_205","Sample_205","Worker","tenant205@example.com","7058000205","ID Card","ID000205"
206,"Tenant_206","Sample_206","Staff","tenant206@example.com","7058000206","Passport","ID000206"
207,"Tenant_207","Sample_207","Freelancer","tenant207@example.com","7058000207","ID Card","ID000207"
208,"Tenant_208","Sample_208","Student","tenant208@example.com","7058000208","Passport","ID000208"
209,"Tenant_209","Sample_209","Worker","tenant209@example.com","7058000209","ID Card","ID000209"
210,"Tenant_210","Sample_210","Staff","tenant210@example.com","7058000210","Passport","ID000210"
211,"Tenant_211","Sample_211","Freelancer","tenant211@example.com","7058000211","ID Card","ID000211"
212,"Tenant_212","Sample_212","Student","tenant212@example.com","7058000212","Passport","ID000212"
213,"Tenant_213","Sample_213","Worker","tenant213@example.com","7058000213","ID Card","ID000213"
214,"Tenant_214","Sample_214","Staff","tenant214@example.com","7058000214","Passport","ID000214"
215,"Tenant_215","Sample_215","Freelancer","tenant215@example.com","7058000215","ID Card","ID000215"
216,"Tenant_216","Sample_216","Student","tenant216@example.com","7058000216","Passport","ID000216"
217,"Tenant_217","Sample_217","Worker","tenant217@example.com","7058000217","ID Card","ID000217"
218,"Tenant_218","Sample_218","Staff","tenant218@example.com","7058000218","Passport","ID000218"
219,"Tenant_219","Sample_219","Freelancer","tenant219@example.com","7058000219","ID Card","ID000219"
220,"Tenant_220","Sample_220","Student","tenant220@example.com","7058000220","Passport","ID000220"
